70088848.70008935, 81471465.07274272, 81219078.79909743, 59208513.90927198, 69801885.04282564, 56760258.01289226, 51412166.94061127, 69949768.19003560, 68078999.72937524, 72767879.36741941, 76581475.51358692, 73547934.05654217, 72297975.60567480, 76577959.32068603, 73155475.85691355, 50418391.62031773, 72400319.73550062, 63563042.99429815, 57534196.22428849, 73076189.06314369, 63781774.34357915, 57790573.47311645, 56972592.80629130, 77973775.97665547, 62953166.21376475, 55092509.33121650, 78007569.00007841, 82306977.60195528, 60997413.71810919, 61478260.54236841, 82299473.92493238, 69572524.22001472, 57903953.59371954, 67308688.44675422, 
70895979.50148989, 82409676.23235947, 82154381.90634175, 59890349.68124726, 70605710.44013931, 57413897.63956079, 52004220.51116034, 70755296.01763046, 68862984.41555472, 73605859.55679958, 77463373.60296765, 74394897.73609883, 73130544.39266528, 77459817.11139108, 73997919.67232004, 50999000.25471005, 73234068.79388295, 64295021.98017869, 58196747.90849117, 73917720.64729618, 64516271.20267194, 58456078.97545174, 57628678.80463067, 78871706.38005961, 63678124.14445145, 55726945.23007501, 78905889.59717113, 83254808.42979684, 61699848.76951815, 62186233.52323548, 83247219.69745049, 70373707.67082265, 58570764.87972629, 68083801.00861096, 
69097634.86963941, 80319275.18215874, 80070457.68871413, 58371172.09738299, 68814729.90705088, 55957539.11059836, 50685083.36443751, 68960519.49741276, 67116208.73736395, 71738777.53577435, 75498440.91199076, 72507799.25334039, 71275519.32787339, 75494973.50776893, 72120891.95978053, 49705363.82116800, 71376415.55083188, 62664117.46337190, 56720532.11521531, 72042728.36865647, 62879755.87957144, 56973284.17372701, 56166872.64277405, 76871050.20380390, 62062866.74232817, 54313377.04739940, 76904367.33459629, 81142972.66536470, 60134773.71116069, 60608819.52585222, 81135575.05406122, 68588611.19546854, 57085061.48359354, 66356790.64587213, 
71050887.08322448, 82589741.19002505, 82333889.75824597, 60021210.12005756, 70759984.18256383, 57539348.66922263, 52117849.56409673, 70909896.56150469, 69013450.45959947, 73766690.35709757, 77632632.38205911, 74557450.38773450, 73290336.45409499, 77629067.52719304, 74159606.02509485, 51110433.64088750, 73394085.13817209, 64435506.85532633, 58323908.05736268, 74079231.43419349, 64657240.58505789, 58583805.83630523, 57754597.71302278, 79044041.62003878, 63817260.34372514, 55848707.67521047, 79078299.63733394, 83436722.95368239, 61834663.23527626, 62322111.14580552, 83429114.29345398, 70527475.73756614, 58698743.65038417, 68232565.04841948, 
71072142.19336629, 82614447.99242370, 82358521.21670605, 60039165.63205710, 70781152.78357041, 57556561.17972395, 52133441.40969145, 70931109.03128357, 69034095.56520505, 73788756.69113123, 77655855.51402129, 74579754.15607631, 73312260.60479224, 77652290.18649361, 74181790.36093593, 51125724.38111038, 73416041.68165553, 64454783.61464436, 58341355.10016949, 74101392.42781872, 64676583.68103919, 58601330.72376589, 57771875.04111044, 79067687.62444168, 63836351.06245781, 55865416.20649585, 79101954.87416786, 83461681.10126883, 61853161.65345111, 62340755.08728903, 83454072.33906902, 70548573.04781394, 58716301.98923333, 68252976.63419688, 
70787512.26268132, 82283593.70240873, 82028691.86815386, 59798719.45013246, 70497688.42034872, 57326058.53012743, 51924657.29928226, 70647043.66680688, 68757627.85622232, 73493247.03606522, 77344859.04918981, 74281078.92436033, 73018660.43813825, 77341306.92686619, 73884707.91743027, 50920976.41924340, 73122024.15569861, 64196654.89953841, 58107711.70840465, 73804632.39492770, 64417566.91708785, 58366644.14675695, 57540510.96841967, 78751038.60967670, 63580699.61585723, 55641685.89580575, 78785169.04916765, 83127434.69709466, 61605450.84953991, 62091091.22316170, 83119856.41746634, 70266040.41370828, 58481155.07456852, 67979637.75986707, 
70794138.69386423, 82291295.32073715, 82036370.07443418, 59804317.04759546, 70504286.12955324, 57331424.35208825, 51929517.13295262, 70653656.81918415, 68764063.19315965, 73500126.22135836, 77352099.50559784, 74288031.76126949, 73025495.33996394, 77348547.82061490, 73891623.22711402, 50925742.77333035, 73128869.04955338, 64202663.24328902, 58113150.56392633, 73811539.70649366, 64423596.87465625, 58372107.45369208, 57545897.26178769, 78758409.60438815, 63586651.58745366, 55646894.89187207, 78792543.41266926, 83135214.91654141, 61611218.13149717, 62096904.96115357, 83127636.33224262, 70272616.88574494, 58486630.52329231, 67986000.62129049, 
65608499.37834059, 76263495.45239353, 76027242.51249348, 55423678.41657016, 65339879.76719356, 53131923.86580013, 48125704.20063539, 65478307.66833089, 63727127.05738047, 68116276.25348200, 71686093.85303481, 68846465.22869930, 67676410.07650408, 71682800.83681929, 68479094.64752954, 47195454.24092910, 67772212.70099148, 59499846.37546608, 53856387.81913886, 68404878.33061095, 59704596.74695874, 54096378.30020324, 53330685.46128602, 72989390.81348334, 58928958.91021430, 51570783.45490505, 73021024.10799867, 77045598.55644433, 57098223.84660754, 57548332.72077713, 77038574.90857521, 65125180.32719891, 54202509.94069584, 63006056.55296230, 
70394164.99579361, 81826365.08302356, 81572878.74026130, 59466434.26545633, 70105950.09712401, 57007513.46499085, 51636124.72361304, 70254476.52236097, 68375560.34232521, 73084865.38732541, 76915075.17267643, 73868318.69200501, 72612915.19192897, 76911542.41586278, 73474148.93034457, 50638020.94202378, 72715703.72478224, 63839931.41744500, 57784820.95150664, 73394519.19967464, 64059615.87685957, 58042316.28192774, 57220773.62292901, 78313438.58231615, 63227399.16834213, 55332498.83358515, 78347379.81004666, 82665516.91016208, 61263125.28311621, 61746068.76795846, 82657980.90618913, 69875590.52039224, 58156191.71760911, 67601893.13828857, 
70781147.86221340, 82276195.93044506, 82021314.73228136, 59793343.97322322, 70491347.62366529, 57320903.03818192, 51919988.13317949, 70640691.99907070, 68751444.04805401, 73486639.06326301, 77337904.20227973, 74274397.81837671, 73012094.25742048, 77334352.55885415, 73878064.45668842, 50916397.65723623, 73115449.84920073, 64190882.81307903, 58102484.72652443, 73797995.34993790, 64411774.68505596, 58361396.77612798, 57535336.86073148, 78743956.05317073, 63574983.47460758, 55636682.73673157, 78778084.99036244, 83119959.11675823, 61599911.42794196, 62085509.28988884, 83112382.23704329, 70259721.23334911, 58475897.17842223, 67973524.17225125, 
68721429.63774100, 79881975.38651796, 79634511.04996139, 58053369.46358974, 68440064.94993816, 55652876.63550534, 50409126.49781518, 68585062.48830253, 66750791.63797503, 71348194.11064270, 75087386.75566883, 72113028.32250726, 70887457.75649439, 75083940.12684028, 71728226.47811900, 49434741.14407261, 70987804.70772958, 62322939.59030094, 56411715.52218470, 71650488.27960907, 62537403.92777558, 56663091.58735417, 55861068.86512841, 76452523.15266371, 61724964.10267165, 54017666.03130019, 76485657.08710615, 80701185.61140940, 59807367.28564868, 60278833.59713129, 80693828.28296149, 68215178.93159929, 56774260.31626077, 65995509.44813549, 
70981716.24899393, 82509336.25811246, 82253735.28134285, 59962777.18899476, 70691095.19012116, 57483330.48971132, 52067111.93582001, 70840861.58420897, 68946262.21967164, 73694875.21521746, 77557052.36619183, 74484866.21682690, 73218985.07460462, 77553491.70622817, 74087408.51031029, 51060675.83905646, 73322633.49285172, 64372777.47937126, 58267128.21940829, 74007113.66552801, 64594293.60632688, 58526771.95694060, 57698370.90815797, 78967088.88773306, 63755132.32034787, 55794337.90984685, 79001312.68553820, 83355493.34809688, 61774464.89400709, 62261437.74211305, 83347892.94101773, 70458813.02310029, 58641597.74124087, 68166137.60367262, 
70800195.78158382, 82298338.49531245, 82043388.94772303, 59809434.57097784, 70510318.52063631, 57336331.03211384, 51933960.43833395, 70659701.88881473, 68769947.45899694, 73506415.36212254, 77358718.86746760, 74294386.78099154, 73031743.07725924, 77355166.05941980, 73897947.26755410, 50930099.17389772, 73135126.64686887, 64208157.10092578, 58118122.61736478, 73817856.95164183, 64429108.78192885, 58377102.47501364, 57550821.29407650, 78765148.94027525, 63592091.76739249, 55651655.79344197, 78799285.09129523, 83142329.44970356, 61616489.12629406, 62102217.27888125, 83134749.89577353, 70278630.42565539, 58491633.69627173, 67991817.77563860, 
70853275.61272219, 82360036.37518974, 82104896.09423763, 59854273.16434646, 70563180.95811361, 57379315.23954324, 51972895.16600457, 70712675.69749741, 68821504.46529493, 73561524.20502780, 77416715.05141626, 74350086.26570711, 73086495.69983064, 77413159.03238598, 73953348.20316732, 50968281.79429010, 73189955.85300432, 64256294.28098663, 58161693.80500537, 73873197.12066534, 64477410.41140359, 58420868.79763307, 57593965.52828701, 78824198.96345831, 63639766.97113969, 55693376.90515832, 78858360.00333029, 83204662.08363441, 61662684.18900936, 62148775.16634791, 83197074.73214695, 70331318.43179023, 58535485.57864397, 68042791.19909555, 
70965015.72150306, 82489923.36486953, 82234382.31474185, 59948668.98075638, 70674463.75109243, 57469805.77376197, 52054860.59971566, 70824194.65883218, 68930041.11267692, 73677535.09978366, 77538806.58540455, 74467341.50980209, 73201757.76896591, 77535244.78349559, 74069976.12410475, 51048661.96808819, 73305382.25365275, 64357630.49049640, 58253419.49539337, 73989699.44764858, 64579097.12754854, 58513001.50209112, 57684795.50227541, 78948510.64772454, 63740131.07268132, 55781210.66936960, 78982725.45572624, 83335880.07964814, 61759930.11696463, 62246789.22877463, 83328282.74637318, 70442235.04997496, 58627798.79586939, 68150101.07165600, 
70785275.44945760, 82280994.77450289, 82026099.48550835, 59796831.33851375, 70495461.39456972, 57324248.65956715, 51923017.60999849, 70644813.13044560, 68755455.76082174, 73490926.21890089, 77342416.28731132, 74278731.79807927, 73016353.64592469, 77338864.33502993, 73882374.43091685, 50919367.60064159, 73119714.37687087, 64194627.47655682, 58105876.01481484, 73802300.65706009, 64415531.70550309, 58364800.38442276, 57538693.03192913, 78748551.01541451, 63578691.32961032, 55639927.23030975, 78782680.30132823, 83124809.08518453, 61603505.16723039, 62089131.32457978, 83117230.71794185, 70263820.49003661, 58479307.58707271, 67977491.20874840, 
70972346.56000693, 82498446.11008592, 82242879.15916964, 59954862.92913955, 70681766.79762813, 57475743.85568472, 52060238.69857343, 70831511.99952513, 68937163.33533303, 73685147.09531993, 77546817.16953050, 74475035.84948184, 73209321.19686362, 77543256.66107634, 74077629.95968774, 51053937.10230168, 73312955.48414774, 64364279.72658952, 58259437.70153667, 73997344.36582327, 64585769.65916523, 58519048.61891717, 57690755.61386953, 78956667.30253001, 63746717.63057148, 55786973.37528195, 78990886.55824612, 83344490.37618516, 61766310.27034800, 62253220.23409648, 83336893.61106202, 70449512.88232279, 58633857.61394615, 68157141.93784675, 
71117382.16855842, 82667034.82997535, 82410943.19173418, 60077380.97464020, 70826206.60463797, 57593198.27593902, 52166624.95959178, 70976258.19183561, 69078037.71508861, 73835726.39146438, 77705285.46964911, 74627226.23898171, 73358925.94689065, 77701718.03824066, 74229008.95147771, 51158266.24668805, 73462773.14999783, 64495809.84251662, 58378491.23460117, 74148559.94545816, 64717752.04175185, 58638633.23316189, 57808649.21596358, 79118016.41832250, 63876986.20772900, 55900975.93044528, 79152307.37704214, 83514808.23469800, 61892532.95484728, 62380436.12234175, 83507193.78500652, 70593479.66003841, 58753676.20099761, 68296422.42357750, 
70958277.42833881, 82482091.50691512, 82226573.08348544, 59942974.86081073, 70667751.87072350, 57464348.24193227, 52049918.64268834, 70817469.09071682, 68923494.32580234, 73670539.23227885, 77531441.78047381, 74460269.51901342, 73194806.56236377, 77527883.03580669, 74062943.13406943, 51043815.31175833, 73298419.62022091, 64351518.93578219, 58247886.50353207, 73982675.17593877, 64572963.67932830, 58507444.99230663, 57679318.72691010, 78941012.43356250, 63734079.83901141, 55775912.90080884, 78975226.46568164, 83327966.88613576, 61754064.86896162, 62240878.22628684, 83320371.03599124, 70435545.73286167, 58622232.63248745, 68143628.20843393, 
59931689.47233667, 69664757.87131405, 69448945.43775536, 50628114.58813146, 59686313.38030997, 48534655.31125478, 43961602.27705397, 59812764.57435131, 58213103.93036465, 62222479.42477176, 65483417.20821157, 62889490.85414515, 61820674.61466855, 65480410.15735419, 62553907.18951211, 43111842.82905442, 61908187.04587214, 54351591.30227026, 49196435.96657997, 62486110.59454153, 54538625.04075790, 49415659.47057930, 48716220.73359571, 66673945.72114982, 53830099.20110667, 47108594.82622637, 66702843.71821795, 70379188.11182994, 52157770.19906384, 52568933.65059150, 70372772.25934923, 59490189.44095535, 49512608.84791747, 57554425.81520959, 
64870734.17785980, 75405916.14341313, 75172317.68373576, 54800439.81100291, 64605134.96952330, 52534456.64850669, 47584531.33747062, 64742006.83963769, 63010517.21307299, 67350310.07165512, 70879984.87644187, 68072289.89966279, 66915390.80703655, 70876729.26757775, 67709050.70615298, 46664743.30072246, 67010115.87518815, 58830772.76812097, 53250774.96371312, 67635667.29878445, 59033219.89176937, 53488066.46495418, 52730983.37265220, 72168627.56170863, 58266303.12887404, 50990872.72404856, 72199906.32579260, 76179223.80340816, 56456157.47281309, 56901204.85663643, 76172278.10058482, 64392849.21943978, 53593004.85704704, 62297555.79582072, 
69722856.09935300, 81046033.89193159, 80794966.40088619, 58899337.92641832, 69437390.33373675, 56463864.52902891, 51143700.59529573, 69584501.01997387, 67723501.67537388, 72387896.51348293, 76181580.42360011, 73163877.90659402, 71920447.37025298, 76178080.73237976, 72773469.32632025, 50155115.48099451, 72022256.84559219, 63231125.12140325, 57233760.66468437, 72694596.54913653, 63448714.59138746, 57488800.67605744, 56675091.66022313, 77566607.87314285, 62624434.75389545, 54804825.51948401, 77600226.68394026, 81877183.56519718, 60678894.27619442, 61157231.14305778, 81869719.64424968, 69209227.46376805, 57601588.94650496, 66957212.89087254, 
71026906.31148337, 82561864.76919584, 82306099.99380861, 60000949.98627173, 70736099.80898434, 57519926.37221505, 52100258.95241416, 70885963.23436002, 68990156.52006780, 73741791.37672135, 77606428.66185547, 74532285.96057346, 73265599.37243758, 77602864.03837956, 74134575.30409108, 51093183.08142091, 73369311.93746834, 64413759.70828275, 58304221.80694856, 74054229.27403252, 64635416.45300473, 58564032.11192679, 57735104.54571638, 79017363.65137801, 63795721.40038742, 55829858.58738038, 79051608.59086868, 83408559.73812199, 61813792.81297974, 62301074.48173168, 83400955.03694561, 70503670.13697606, 58678929.84918427, 68209535.27755678, 
68441587.67693438, 79556684.26078609, 79310229.52015004, 57816967.13303224, 68161367.10533956, 55426250.65511389, 50203854.54125908, 68305774.39392678, 66478974.14021672, 71057653.99294440, 74781621.88223425, 71819374.56402463, 70598792.87970664, 74778187.88206731, 71436139.94271439, 49233434.54375655, 70698733.02611294, 62069152.82963612, 56181998.99243413, 71358717.79396956, 62282743.23757470, 56432353.21196933, 55633595.21763476, 76141199.16650273, 61473611.67319880, 53797699.84685647, 76174198.78339815, 80372560.54832488, 59563823.40944547, 60033370.64182578, 80365232.00636306, 67937396.12601180, 56543067.27572090, 65726767.39301388, 
70595523.59153298, 82060426.32323498, 81806215.90222818, 59636536.20649578, 70306486.35250837, 57170580.56133512, 51783828.21230859, 70455436.82318121, 68571145.69190443, 73293921.05035746, 77135086.17043971, 74079613.95455173, 72820620.28432862, 77131544.93138324, 73684319.18884958, 50782869.66928165, 72923705.40369305, 64022542.69727970, 57950112.96302036, 73604461.51745899, 64242854.37377117, 58208343.87168788, 57384451.00727703, 78537450.66916642, 63408259.00468732, 55490774.91173351, 78571488.68162566, 82901977.57124098, 61438366.11741345, 61922690.03060046, 82894420.89349718, 70075466.22389929, 58322544.94136004, 67795265.55472255, 
71043883.38155492, 82581601.45851593, 82325774.63015887, 60015293.87799351, 70753008.82439543, 57533676.11659185, 52112712.18885423, 70902906.47832122, 69006647.15281528, 73759418.86567727, 77624981.02315758, 74550102.70962147, 73283111.54886791, 77621415.91578875, 74152296.18989687, 51105395.76234508, 73386851.44271724, 64429156.97329815, 58318159.48567136, 74071930.47328722, 64650866.84000769, 58578031.34936888, 57748905.62567124, 79036250.47218449, 63810970.40936624, 55843204.22499517, 79070505.49371353, 83428496.86795656, 61828567.94242555, 62315967.67611679, 83420892.13347130, 70520523.26286723, 58692956.28978120, 68225841.15807091, 
64418884.17950410, 74880684.13718732, 74648714.01121397, 54418734.14514045, 64155135.41819357, 52168533.74540836, 47253088.00513810, 64291054.25073291, 62571624.28894443, 66881189.60004275, 70386278.82809901, 67598140.79576029, 66449299.70950507, 70383045.96737359, 67237430.88512604, 46339705.97139414, 66543365.28137682, 58420994.62156777, 52879863.89391537, 67164559.05571872, 58622031.80667569, 53115500.35269830, 52363691.44156629, 71665945.74977182, 57860456.46016501, 50635701.69825301, 71697006.57321216, 75648605.32382596, 56062917.04956020, 56504866.53742989, 75641710.51936385, 63944328.09355195, 53219708.42374018, 61863629.12741271, 
70936219.46192986, 82456451.74346595, 82201013.19343071, 59924342.42851542, 70645785.09384178, 57446486.92296483, 52033738.51293944, 70795456.05236955, 68902070.08505633, 73647638.04894136, 77507342.41828592, 74437124.88071631, 73172054.41394760, 77503782.28470407, 74039920.91533278, 51027948.67707600, 73275635.96436527, 64331515.49630024, 58229779.82299158, 73959677.74235159, 64552891.81000320, 58489258.65212157, 57661388.67153955, 78916474.17072959, 63714267.28151368, 55758575.10353678, 78950676.41057844, 83302064.50841825, 61734870.01579604, 62221530.39753269, 83294470.29309279, 70413651.79703555, 58604009.68191832, 68122445.61779495, 
70935522.35904433, 82455642.41171597, 82200205.33908257, 59923753.27762410, 70645091.91411448, 57445922.57306150, 52033226.71596813, 70794760.22476858, 68901393.98521861, 73646915.20397009, 77506581.30299595, 74436392.53166091, 73171334.58661793, 77503021.42693736, 74039193.99081671, 51027446.59396544, 73274915.92858069, 64330883.72557081, 58229209.48308977, 73958951.60779010, 64552258.17523188, 58488684.11712268, 57660822.68694805, 78915698.93262301, 63713642.42220937, 55758027.55397402, 78949902.40100455, 83301246.70591784, 61734262.43190789, 62220919.10717950, 83293652.79581849, 70412960.17005646, 58603433.88852066, 68121777.98068890, 
70915978.35865156, 82432923.39494902, 82177557.60577604, 59907244.25841020, 70625628.04503113, 57430095.51908978, 52018889.73474577, 70775254.77859735, 68882408.90725128, 73626623.43031763, 77485226.44853780, 74415884.17792253, 73151174.59567690, 77481666.72677660, 74018794.74068859, 51013386.99481338, 73254727.94902839, 64313159.39463201, 58213165.14377195, 73938573.13278535, 64534472.15159736, 58472568.84842435, 57644936.52564447, 78893956.29903163, 63696087.33579092, 55742663.95062910, 78928147.78276879, 83278294.75120021, 61717253.73943771, 62203775.22080364, 83270703.93076526, 70393558.83086717, 58587288.30048452, 68103007.89430366, 
70898970.03251922, 82413151.96149772, 82157847.47329710, 59892875.76544929, 70608688.85194458, 57416319.87780556, 52006415.08422150, 70758279.81978022, 68865889.23624249, 73608964.86767621, 77466641.44033493, 74398035.78340274, 73133629.85178182, 77463083.69091444, 74001041.98407461, 51001153.23744055, 73237157.85053435, 64297734.14746348, 58199202.39975572, 73920839.84447500, 64518994.50465576, 58458545.44750564, 57631110.32435679, 78875034.67665413, 63680810.79067294, 55729294.75034708, 78909217.45166692, 83258322.18523172, 61702450.72584656, 62188857.22503610, 83250730.36439176, 70376675.44184729, 58573235.55133126, 68086674.08198510, 
70909474.21874520, 82425363.20228516, 82170022.89454553, 59901749.04364274, 70619151.17071016, 57424828.75953767, 52014120.26276817, 70768763.91378090, 68876092.71151359, 73619873.36292712, 77478120.28876249, 74409059.38750935, 73144467.51759210, 77474561.81266387, 74012006.89397608, 51008708.77322415, 73248010.38337827, 64307262.05550005, 58207827.59308957, 73931793.47033200, 64528554.00577793, 58467207.87307023, 57639648.64877150, 78886721.75972863, 63690246.45362638, 55737552.86358804, 78920911.05270764, 83270659.40660028, 61711594.25279757, 62198072.50820246, 83263066.94194393, 70387104.74975601, 58581914.37561927, 68096763.01807436, 
70348907.91366266, 81773759.04134914, 81520435.03859578, 59428202.02281371, 70060878.98302689, 56970862.37056168, 51602927.27630837, 70209308.81879570, 68331600.88394894, 73037877.14776081, 76865624.73740184, 73820826.77181062, 72566229.81328174, 76862094.68834989, 73426913.39392498, 50605466.31956084, 72668953.94350740, 63798887.44223906, 57747671.33802442, 73347332.00658418, 64018429.44966675, 58005000.53187146, 57183985.21030097, 78263091.08242656, 63186749.01722568, 55296924.81628359, 78297010.21690509, 82612371.61800247, 61223739.93646738, 61706371.76349595, 82604839.05387893, 69830666.31670144, 58118801.87487769, 67558431.55656965, 
69808248.50908819, 81145294.47204566, 80893918.53344895, 58971473.84210257, 69522432.61969899, 56533018.07512347, 51206339.54159521, 69669723.46196428, 67806445.40144463, 72476553.71415645, 76274883.03320484, 73253485.24933097, 72008530.82434915, 76271380.27868468, 72862597.16091646, 50216542.17841721, 72110464.19833094, 63308567.65921657, 57303857.71943581, 72783629.58139968, 63526422.61799899, 57559210.44255804, 56744503.88631426, 77661608.73980317, 62701134.97428482, 54871946.66993659, 77695266.97010201, 81977461.72007562, 60753211.47450636, 61232132.91358608, 81969987.54473862, 69293989.94733010, 57672135.99120618, 67039217.85637750, 
70779179.13465424, 82273909.21906218, 82019036.66461003, 59791681.83088613, 70489389.11903994, 57319311.31293539, 51918545.24164125, 70638727.58738196, 68749534.35447563, 73484596.39749222, 77335756.53593093, 74272335.19607756, 73010064.82201037, 77332204.94016901, 73876010.35209872, 50914981.20433618, 73113417.34601167, 64189098.31984099, 58100870.27601881, 73795943.67847368, 64409983.72411568, 58359775.73508418, 57533737.56708055, 78741767.98145428, 63573215.75906772, 55635135.88545023, 78775895.38228151, 83117649.57852946, 61598200.47829098, 62083783.12883089, 83110072.99109219, 70257769.82556784, 58474270.98161310, 67971636.80680841, 
65004166.40127059, 75561017.35017455, 75326940.18372843, 54913158.30899324, 64738020.65932669, 52642513.42159352, 47682407.42291947, 64875174.40855350, 63140124.04378386, 67488843.53410988, 71025777.74382663, 68212306.87978430, 67053029.70311741, 71022516.93602669, 67848320.97279544, 46760728.58897059, 67147947.83327773, 58951781.40152346, 53360306.91409699, 67774787.24965866, 59154645.30407189, 53598084.28269322, 52839446.47139826, 72317070.74638277, 58386151.52852310, 51095755.68295246, 72348413.55514319, 76335916.05787748, 56572280.75222152, 57018244.45359068, 76328956.25564609, 64525299.41631681, 53703239.05302989, 62425696.09961285, 
70892197.76817828, 82405282.01698518, 82150002.79668495, 59887154.91539709, 70601944.51325513, 57410837.70146044, 52001448.45188020, 70751522.71662223, 68859313.03619528, 73601936.08973986, 77459243.47595206, 74390931.30473706, 73126646.02307045, 77455686.34381248, 73993975.01876496, 50996281.97762675, 73230162.38017640, 64291593.76797822, 58193645.72429512, 73913781.14872497, 64512832.36674181, 58452961.97556847, 57625606.51906656, 78867500.70595351, 63674728.93244015, 55723972.40118106, 78901683.16426177, 83250371.14748463, 61696557.89835759, 62182918.38655740, 83242780.85562988, 70369954.61221816, 58567642.17184348, 68080171.82165861, 
70834281.20827936, 82337958.77636287, 82082887.08588621, 59838228.53357816, 70544266.27699928, 57363933.29349127, 51958964.53546368, 70693720.14575250, 68803056.39745571, 73541804.76492469, 77395961.87796392, 74330155.69293177, 73066902.23249091, 77392407.58137712, 73933523.95648313, 50954619.76799263, 73170336.53774270, 64239069.29983959, 58146101.61290346, 73853394.22963291, 64460126.88461895, 58405208.24387445, 57578527.46056835, 78803068.25811557, 63622708.09451427, 55678448.24363340, 78837221.16911502, 83182356.34537251, 61646154.51028705, 62132115.87698992, 83174773.67729570, 70312465.83721893, 58519793.06368531, 68024552.85979536, 
70740639.08538942, 82229110.25292039, 81974374.48591767, 59759124.98866627, 70451006.47065605, 57288100.46824871, 51890274.85061995, 70600265.42419061, 68712099.14707331, 73444583.72917795, 77293645.49314354, 74231891.86103255, 72970309.46328749, 77290095.24880619, 73835784.66729006, 50887257.68257921, 73073606.48725821, 64154145.81611648, 58069233.38501377, 73755760.82680002, 64374911.49387696, 58327997.28462422, 57502410.06909313, 78698892.42738490, 63538600.32001919, 55604841.87179012, 78732999.60855947, 83072391.08432667, 61564658.64638709, 62049977.39155237, 83064817.27254088, 70219512.91603751, 58442430.96267536, 67934624.47817038, 
70944388.39349498, 82465946.89774506, 82210479.11988805, 59931244.37603245, 70653920.83822532, 57453102.52585518, 52039730.26840713, 70803609.55259210, 68910004.28022295, 73656120.79154938, 77516267.24265803, 74445696.84519334, 73180479.61320421, 77512708.74436079, 74048448.32381396, 51033823.77350067, 73284073.16218051, 64338924.14219070, 58236486.93133775, 73968194.76464114, 64560326.22249800, 58495994.59708080, 57668028.44976621, 78925563.35733618, 63721605.79278283, 55764996.16952083, 78959767.96707293, 83311657.48634093, 61741979.58152751, 62228695.14473164, 83304062.85610904, 70421760.44461165, 58610758.88517658, 68130292.17864826, 
70938287.07008871, 82458855.74966851, 82203409.83889544, 59926090.16733877, 70647845.33619072, 57448161.50208315, 52035255.21386285, 70797520.21378960, 68904078.76516682, 73649786.35508831, 77509601.62485735, 74439293.60085960, 73174187.67454661, 77506042.03838210, 74042079.45959269, 51029435.81373978, 73277771.22288492, 64333391.10047226, 58231477.37431756, 73961832.75130007, 64554772.91631351, 58490963.06244249, 57663070.37437759, 78918774.63253343, 63716124.49823183, 55760200.90361197, 78952978.41788231, 83304494.09942377, 61736668.17115337, 62223343.30655620, 83296899.14413741, 70415704.38687526, 58605718.98980305, 68124432.11205640, 
62174226.70751116, 72271488.25014743, 72047600.70000359, 52522530.05634381, 61919668.94327499, 50350735.85563222, 45606567.16715904, 62050850.65572038, 60391334.62358293, 64550734.17386342, 67933690.05416386, 65242701.72475147, 64133892.28671071, 67930568.63340022, 64894561.42463779, 44725011.08019288, 64224680.16281350, 56385331.53197972, 51037278.68451644, 64824228.79828598, 56579363.92099635, 51264706.22481313, 50539094.68929324, 69168766.30986735, 55844325.47788202, 48871315.92239544, 69198744.20698437, 73012651.62145124, 54109421.19422254, 54535969.18544448, 73005996.00375611, 61716206.82920174, 51365283.56971044, 59708009.57121398, 
70753727.02857447, 82244321.77768765, 81989539.65699495, 59770178.92786768, 70464041.31558064, 57298698.25562862, 51899875.04282296, 70613326.23035282, 68724811.28777114, 73458171.49853748, 77307945.23996586, 74245626.03709388, 72983810.21750721, 77304393.64204672, 73849443.79330359, 50896671.34002983, 73087124.31896363, 64166014.53323505, 58079977.20805538, 73769405.48294683, 64386821.27314173, 58338788.57690733, 57513048.48663030, 78713450.82134534, 63550353.49853241, 55615128.57759312, 78747565.70837583, 83087759.83032602, 61576049.31754230, 62061458.21498165, 83080184.08259259, 70232503.66388425, 58453243.51660479, 67947192.10873066, 
70370065.54988705, 81798351.90065344, 81544953.30236915, 59446075.84953745, 70081948.70676570, 56987996.02562752, 51618447.25579246, 70230426.03833495, 68352150.80583543, 73059843.64759453, 76888741.75439563, 73843029.23920591, 72588054.48861067, 76885211.28644435, 73448994.78731894, 50620685.78547119, 72690810.04855357, 63818075.48591601, 57765039.10822496, 73369391.88701662, 64037684.34617344, 58022446.45140823, 57201183.77828132, 78286627.59012459, 63205752.58590219, 55313556.56130787, 78320556.84692988, 82637216.72528899, 61242152.00716442, 61724929.47702988, 82629683.30275673, 69851667.13487521, 58136282.01028782, 67578749.59875475, 
69846490.34682031, 81189746.69976231, 80938232.71087259, 59003779.54839440, 69560517.46340263, 56563988.22528259, 51234389.76344578, 69707888.66698624, 67843590.11773989, 72516256.40935455, 76316666.93982843, 73293614.15672110, 72047977.00770670, 76313161.18066497, 72902512.41504897, 50244052.61747825, 72149968.36490744, 63343248.44752609, 57335249.57223952, 72823500.97257605, 63561223.60862523, 57590740.35036166, 56775588.06491296, 77704151.94963296, 62735483.13100086, 54902006.05265949, 77737828.09685764, 82022370.53432012, 60786491.92129643, 61265676.23480919, 82014892.09918904, 69331951.14476824, 57703728.90576214, 67075942.62437350, 
70960857.50525285, 82485089.91093011, 82229562.66377093, 59945156.10424180, 70670322.40094055, 57466439.24765363, 52051809.75977580, 70820045.77057770, 68926001.24375907, 73673217.92012164, 77534261.21718405, 74462978.25888915, 73197467.48881951, 77530701.64697748, 74065637.65519060, 51045672.01610367, 73301086.80430508, 64353859.57930747, 58250004.14305943, 73985363.86215647, 64575313.12376376, 58509573.88449813, 57681415.58229952, 78943883.05413239, 63736396.35608020, 55777941.57454351, 78978097.61450572, 83330997.43480621, 61756311.31543557, 62243141.25231437, 83323401.22972097, 70438107.61963803, 58624365.09982291, 68146105.99594377, 
70492702.79721136, 81940906.99509367, 81687066.89929685, 59549676.02329997, 70204085.31894685, 57087312.07682661, 51708406.82072524, 70352819.91202576, 68471271.52891466, 73187171.13511650, 77022740.42851940, 73971720.35602793, 72714559.44763903, 77019203.19325718, 73576999.49796632, 50708905.78173710, 72817492.02449362, 63929294.47684954, 57865709.69154737, 73497257.25847141, 64149286.24011068, 58123566.08900624, 57300870.59976701, 78423064.00533356, 63315905.35808954, 55409955.05168357, 78457051.73473494, 82781233.52107333, 61348882.33484862, 61832500.97224350, 82773686.80290136, 69973402.66223605, 58237599.23898400, 67696522.88908717, 
71096925.36605671, 82643257.13397689, 82387239.57229145, 60060100.50961947, 70805833.14718425, 57576631.47890416, 52151619.81018354, 70955842.44169493, 69058167.89335701, 73814486.60740937, 77682934.25470740, 74605762.06334899, 73337823.88978060, 77679366.82052018, 74207657.77009976, 51143552.00659783, 73441641.81710482, 64477259.34619813, 58361700.15215927, 74127233.10710976, 64699136.15235771, 58621764.98877095, 57792020.65040493, 79095258.53331867, 63858611.73811841, 55884896.34304450, 79129539.12010635, 83490784.32649340, 61874728.46690404, 62362492.12266838, 83483173.51840065, 70573174.01635751, 58736776.38427947, 68276776.74310240, 
70869269.10944702, 82378629.12323222, 82123432.64642954, 59867785.94080439, 70579110.98648788, 57392268.55199116, 51984628.99570228, 70728638.64934696, 68837040.66205177, 73578130.75184147, 77434190.83603710, 74366871.08215956, 73102993.89694373, 77430634.31338577, 73970042.50552592, 50979786.92477918, 73206477.64713520, 64270799.70384333, 58174822.45347154, 73889874.68268754, 64491966.59007101, 58434056.70618442, 57606968.37740637, 78841992.10237046, 63654134.03992504, 55705950.57242023, 78876162.65476052, 83223443.37323982, 61676603.96309271, 62162805.58901941, 83215856.41371848, 70347195.79027532, 58548698.58973386, 68058151.59231886, 
70825896.15683784, 82328212.92107521, 82073171.36997785, 59831146.80221995, 70535913.99271466, 57357142.86308660, 51952813.66139821, 70685352.60181996, 68794910.30694678, 73533098.64741419, 77386798.84681602, 74321357.10159908, 73058253.28934920, 77383245.47636117, 73924770.44012673, 50948586.99659500, 73161674.10064444, 64231465.32985469, 58139220.04483302, 73844652.96357231, 64452496.70057029, 58398293.77835329, 57571712.01942868, 78793741.32639761, 63615176.36445270, 55671856.65413406, 78827889.56339696, 83172510.47398785, 61638855.81332863, 62124761.01477905, 83164928.02216990, 70304141.24445504, 58512866.74175055, 68016499.48790094, 
70927644.81744619, 82446485.24308424, 82191077.79275788, 59917098.48303782, 70637246.47903371, 57439543.22784875, 52027448.17809891, 70786898.74794413, 68893741.92525984, 73638737.01779652, 77497974.25966299, 74428126.79700343, 73163209.99070512, 77494413.75991037, 74030972.83664943, 51021780.36736794, 73266779.71240431, 64323740.54591435, 58222743.15268519, 73950737.79406010, 64545089.23110224, 58482188.74007805, 57654420.08794220, 78906934.89763388, 63706567.05526158, 55751836.28552026, 78941134.29848391, 83291996.27963291, 61727406.72470091, 62214008.90248510, 83284401.50737162, 70405140.73113759, 58596927.19029239, 68114212.62155996, 
70931708.41988887, 82451207.35525723, 82195785.54829121, 59920532.32409544, 70641293.48741688, 57442833.76416760, 52030428.60026650, 70790953.68134640, 68897688.07175577, 73642956.48396093, 77502412.96833622, 74432389.87230808, 73167400.72186890, 77498853.63768782, 74035213.29428986, 51024702.88661260, 73270976.83066712, 64327424.84235105, 58226078.00789060, 73954974.49930179, 64548786.49816748, 58485539.43624238, 57657722.56476349, 78911455.28838585, 63710215.01077972, 55755030.14728630, 78945655.95094131, 83296766.75083892, 61730943.28527609, 62217573.05994559, 83289174.00817169, 70409174.89606847, 58600283.28119415, 68118113.50515141, 
71008664.21851483, 82540660.31843236, 82284962.55744736, 59985539.88806085, 70717933.51564412, 57505153.33609848, 52086877.07009602, 70867757.30408590, 68972436.69795689, 73722852.39581394, 77586496.58761877, 74513144.77768859, 73246782.41695777, 77582933.40851587, 74115534.78243294, 51080061.05240110, 73350470.10152490, 64397215.95178951, 58289247.62129273, 74035209.57898977, 64618815.93945073, 58548991.07549927, 57720276.52977098, 78997068.57470286, 63779336.07271766, 55815518.31282233, 79031306.54981872, 83387137.19852117, 61797915.84243131, 62285074.37548633, 83379535.16165847, 70485563.12220317, 58663859.99754491, 68192016.30803688, 
70829663.34239641, 82332588.68122767, 82077534.30290194, 59834328.02813853, 70539666.01876317, 57360192.93604133, 51955575.52536786, 70689109.71951587, 68798568.76736559, 73537008.93211928, 77390913.76641856, 74325308.72679815, 73062139.41908246, 77387359.58564238, 73928701.91597179, 50951295.60975871, 73165565.36330543, 64234880.45152322, 58142310.41097163, 73848578.57346484, 64455924.35897727, 58401399.59008648, 57574773.13952930, 78797930.54693644, 63618559.75309006, 55674817.81585759, 78832080.32740751, 83176931.79029334, 61642134.50452159, 62128064.65958305, 83169348.91055360, 70307879.94002932, 58515978.53801718, 68020115.87813936, 
71031797.09065318, 82567551.82477532, 82311769.31143223, 60005083.98700783, 70740972.71530655, 57523889.40360692, 52103846.72879362, 70890844.82220639, 68994907.55772185, 73746869.65324725, 77611774.52119900, 74537420.03605244, 73270643.94978008, 77608209.91445740, 74139680.64990452, 51096702.31177468, 73374365.06705813, 64418194.54279605, 58308237.83721613, 74059329.39221348, 64639867.89039157, 58568065.21012734, 57739080.73169049, 79022804.20068976, 63800114.03989466, 55833702.41456624, 79057052.12629265, 83414303.89622207, 61818049.99641071, 62305366.69838525, 83406699.78936297, 70508524.91857710, 58682971.65820021, 68214232.64588436, 
70853403.75648919, 82360186.62046079, 82105046.75275785, 59854383.43163180, 70563310.92932317, 57379420.96354792, 51972991.50581749, 70712806.20454073, 68821630.96572720, 73561657.81486905, 77416855.89392026, 74350221.67840749, 73086629.29444472, 77413301.05769247, 73953482.99905397, 50968374.45367855, 73190090.00834668, 64256412.36466861, 58161799.48727163, 73873332.05193660, 64477528.01465467, 58420975.15627505, 57594071.93001090, 78824342.03550287, 63639884.55303373, 55693479.12820693, 78858506.16258377, 83204813.36183310, 61662796.77247322, 62148889.26586720, 83197228.40622792, 70331447.46478179, 58535592.70578519, 68042915.70668973, 
70501156.83024724, 81950734.51702814, 81696861.60362504, 59556816.98827359, 70212505.07071626, 57094159.67706717, 51714607.06354630, 70361256.53659949, 68479483.41699736, 73195946.36204705, 77031979.31594492, 73980591.19316974, 72723278.39530434, 77028441.11428945, 73585823.69573842, 50714986.17836464, 72826224.66168883, 63936961.83362892, 57872649.82334521, 73506071.91621584, 64156979.81513298, 58130536.27641698, 57307742.28417020, 78432468.58196349, 63323498.21533400, 55416599.96507474, 78466460.15572515, 82791160.48042783, 61356240.31525242, 61839917.33352214, 82783612.88940856, 69981795.13759834, 58244583.22765310, 67704641.23514491, 
70916262.16294622, 82433251.63042468, 82177885.52989960, 59907482.01201928, 70625909.13442872, 57430323.92913927, 52019097.68415174, 70775537.21951680, 68882684.48889723, 73626917.81455593, 77485536.30724372, 74416182.14647178, 73151467.45063941, 77481975.93299671, 74019090.06207785, 51013591.78481372, 73255019.82794382, 64313416.02189416, 58213397.64024968, 73938868.81840651, 64534730.62678941, 58472803.42852902, 57645165.54470997, 78894270.60038538, 63696342.27653503, 55742888.00652581, 78928463.14754541, 83278627.18847883, 61717500.36741580, 62204024.62979237, 83271035.55377036, 70393840.81148890, 58587522.44142404, 68103280.84757815, 
70938331.59694810, 82458905.84664617, 82203460.44368641, 59926127.22619558, 70647889.00425512, 57448197.37364679, 52035286.57757402, 70797563.57562421, 68904122.25231701, 73649832.58640501, 77509649.48045653, 74439339.99444807, 73174232.82042585, 77506089.20959802, 74042125.67917891, 51029466.72958977, 73277817.72853051, 64333431.60098843, 58231515.28967407, 73961878.19376762, 64554814.14850161, 58491001.01240730, 57663106.43014311, 78918824.84745717, 63716163.66638388, 55760235.23988626, 78953027.69364698, 83304545.38670874, 61736706.39711586, 62223382.87311184, 83296950.44466345, 70415748.49672544, 58605755.27842557, 68124473.57800965, 
70864986.93025225, 82373650.09157924, 82118469.58738728, 59864168.32741513, 70574845.09434617, 57388800.26218265, 51981487.38026299, 70724365.79167329, 68832881.34304620, 73573683.46315072, 77429512.01418182, 74362376.12709974, 73098576.34072736, 77425955.54535264, 73965571.08976011, 50976707.08406971, 73202054.49132492, 64266916.74187130, 58171307.49641463, 73885408.78850050, 64488069.81854200, 58430525.40993901, 57603486.09623371, 78837228.41617289, 63650286.58269962, 55702583.06318866, 78871395.62238598, 83218415.48094693, 61672877.42871891, 62159049.74474275, 83210828.63451591, 70342943.90638387, 58545160.45607261, 68054039.70625362, 
70322774.77263269, 81743383.15310293, 81490152.88414894, 59406127.98722124, 70034853.80269064, 56949698.55066596, 51583758.84929135, 70183229.55800585, 68306217.53049211, 73010747.70226328, 76837071.73115976, 73793405.28540848, 72539274.47540842, 76833544.49912921, 73399636.86347300, 50586667.80969000, 72641961.07256243, 63775188.01548196, 57726219.27639604, 73320087.34731364, 63994650.20188242, 57983453.92683309, 57162744.30461220, 78234019.56907493, 63163277.22818769, 55276385.57163452, 78267925.99706966, 82581682.42899925, 61200996.71390950, 61683448.38666158, 82574154.87123987, 69804726.82104716, 58097213.18501513, 67533336.23493023, 
70498179.20865670, 81947272.62025529, 81693413.03501926, 59554302.33384155, 70209540.19866678, 57091747.43873353, 51712422.79378174, 70358286.50546242, 68476590.89268562, 73192855.79369488, 77028725.66637108, 73977465.93201254, 72720206.86750923, 77025187.25228778, 73582716.10381751, 50712843.95698408, 72823149.02566974, 63934261.17934074, 57870205.17642444, 73502966.26837194, 64154269.54438579, 58128081.42461227, 57305323.69100679, 78429155.22091520, 63320825.04104675, 55414258.62534746, 78463146.35284553, 82787664.70459813, 61353649.37710009, 61837305.63551529, 82780116.80155981, 69978839.76543045, 58242122.52185947, 67701781.71439952, 
69153023.08220433, 80383660.81114385, 80134643.33900578, 58417963.20587646, 68869891.62333429, 56002396.20586685, 50725713.75557692, 69015799.00337894, 67170008.36179271, 71796284.25186159, 75558962.25051434, 72565923.28663911, 71332652.99106558, 75555490.39664991, 72178703.98955600, 49745207.41812814, 71433630.70318192, 62714349.67154025, 56765999.97898232, 72100478.43115553, 62930160.79731630, 57018955.03855966, 56211895.22163481, 76932670.12720141, 62112616.38827612, 54356915.75136890, 76966012.55271924, 81208016.13687155, 60182977.51428118, 60657403.86656356, 81200613.14098088, 68643593.12476452, 57130820.82950887, 66409983.20496283, 
70904571.71048905, 82419663.54032780, 82164339.66121133, 59897607.41068611, 70614268.31684643, 57420857.31240854, 52010523.14532351, 70763871.73902906, 68871330.17724192, 73614781.56652288, 77472763.48350774, 74403915.19231914, 73139408.37674981, 77469205.75322297, 74006888.69676886, 51005183.39702468, 73242945.05025567, 64302814.89367070, 58203802.10897947, 73926681.58522576, 64524092.03420439, 58463164.72922982, 57635664.35541626, 78881266.89916493, 63685841.19313375, 55733698.83495084, 78915452.61830494, 83264901.14184691, 61707326.75781618, 62193770.16106933, 83257309.06276886, 70382238.11633578, 58577863.98929612, 68092054.54318373, 
-82946995.65844411, -83902197.71624804, -81773938.26327369, -84085524.10629003, -84110677.43515743, -83773831.49192518, -83781672.59217083, -77644703.28015269, -83308322.97997022, -83766299.37413459, -81328716.78751880, -84003662.41282512, -83788843.05610000, -83851659.38744487, -83983899.41269319, -83771185.15917772, -83992576.65748020, -84164216.77023180, -83975924.05505782, -70926454.39092448, -76771591.70194963, -82513858.95189933, -84057143.17464900, -80997535.60291626, -83546622.92827718, -84077235.30096972, -76236847.63177206, -83949819.27895157, -83948995.11050420, -83925864.60802142, -83905736.51750895, -83918168.42343657, -83254761.83641538, -82614916.98252080, -83763971.26691632, -76929502.00083317, -83897724.20704246, -83829181.87449458, -83718360.98313116, -83959487.70620157, -83952267.80412266, -73580396.77159677, -83733848.91566978, -83279802.17120150, -82660174.39064719, -83978978.07767384, -83424938.00037403, -84140007.41106515, -83870587.59822920, -83819256.69249414, -83939672.83167085, -83944480.45003550, -84035554.67094845, -83823714.14749706, -84062932.54818988, -83851811.97035596, -83434943.41711707, -83926200.10939936, -83952320.03807276, -83865520.18146810, -83223836.57634607, -83431420.00513272, -81839486.92708558, -83912366.53675289, 